insert into pos_aftersales_service(code,name) values ('01','翻新');
insert into pos_aftersales_service(code,name) values ('02','焊接');
insert into pos_aftersales_service(code,name) values ('03','整形');
insert into pos_aftersales_service(code,name) values ('04','改圈');
insert into pos_aftersales_service(code,name) values ('05','镶钻');
insert into pos_aftersales_service(code,name) values ('06','镶宝');
insert into pos_aftersales_service(code,name) values ('07','镶锆');
insert into pos_aftersales_service(code,name) values ('08','刻字');
insert into pos_aftersales_service(code,name) values ('09','改链');
insert into pos_aftersales_service(code,name) values ('10','配件');
insert into pos_aftersales_service(code,name) values ('11','其他');

insert into pos_replacement(code,name,price) values ('01','18K金耳迫（1对）',135);
insert into pos_replacement(code,name,price) values ('02','18K金耳迫',68);
insert into pos_replacement(code,name,price) values ('03','Pt950铂金耳迫（1对）',290);
insert into pos_replacement(code,name,price) values ('04','Pt950铂金耳迫',145);
insert into pos_replacement(code,name,price) values ('05','18K金弹簧扣',68);
insert into pos_replacement(code,name,price) values ('06','18K金小鱼钩扣',180);
insert into pos_replacement(code,name,price) values ('07','Pt950铂金弹簧扣',110);
insert into pos_replacement(code,name,price) values ('08','Pt950铂金小鱼钩扣',385);

insert into pos_goldmaterial(code,name,loss) values ('001','18K金女戒',30);
insert into pos_goldmaterial(code,name,loss) values ('002','18K金耳钉',30);
insert into pos_goldmaterial(code,name,loss) values ('003','18K金吊坠',30);
insert into pos_goldmaterial(code,name,loss) values ('004','18K金项链',30);
insert into pos_goldmaterial(code,name,loss) values ('005','18K金手链',30);
insert into pos_goldmaterial(code,name,loss) values ('006','18K金手镯',30);
insert into pos_goldmaterial(code,name,loss) values ('007','18K金男戒',30);
insert into pos_goldmaterial(code,name,loss) values ('008','Pt铂金女戒',40);
insert into pos_goldmaterial(code,name,loss) values ('009','Pt铂金耳钉',40);
insert into pos_goldmaterial(code,name,loss) values ('010','Pt铂金吊坠',40);
insert into pos_goldmaterial(code,name,loss) values ('011','Pt铂金项链',40);
insert into pos_goldmaterial(code,name,loss) values ('012','Pt铂金手链',40);
insert into pos_goldmaterial(code,name,loss) values ('013','Pt铂金手镯',40);
insert into pos_goldmaterial(code,name,loss) values ('014','Pt铂金男戒',40);

insert into pos_goldquality(code,name) values('01','白18K金');
insert into pos_goldquality(code,name) values('02','18K红金');
insert into pos_goldquality(code,name) values('03','18K黄金');
insert into pos_goldquality(code,name) values('04','18K分色金');
insert into pos_goldquality(code,name) values('05','18K三色金');
insert into pos_goldquality(code,name) values('06','Pt950铂金');
insert into pos_goldquality(code,name) values('07','Pt900铂金');

insert into pos_aftersales_type(code,name) values ('1','维修');
insert into pos_aftersales_type(code,name) values ('2','改款');
insert into pos_aftersales_type(code,name) values ('3','配对');

insert into pos_repair_status(status_id,description) values ('1','新单');
insert into pos_repair_status(status_id,description) values ('2','关闭');
insert into pos_repair_status(status_id,description) values ('3','送厂');
insert into pos_repair_status(status_id,description) values ('4','合格');
insert into pos_repair_status(status_id,description) values ('5','返修');
insert into pos_repair_status(status_id,description) values ('6','邮寄');
insert into pos_repair_status(status_id,description) values ('7','门店接收');
insert into pos_repair_status(status_id,description) values ('8','顾客取货');
insert into pos_repair_status(status_id,description) values ('9','不满意');

insert into pos_facelift_bag(code,style,price1,price2,price3) values ('01','女戒',120,240,360);
insert into pos_facelift_bag(code,style,price1,price2,price3) values ('02','耳钉',120,240,360);
insert into pos_facelift_bag(code,style,price1,price2,price3) values ('03','吊坠',96,192,288);
insert into pos_facelift_bag(code,style,price1,price2,price3) values ('04','项链',230,460,690);
insert into pos_facelift_bag(code,style,price1,price2,price3) values ('05','手链',360,720,1080);
insert into pos_facelift_bag(code,style,price1,price2,price3) values ('06','手镯',480,960,1440);
insert into pos_facelift_bag(code,style,price1,price2,price3) values ('07','18K男戒',290,580,870);
insert into pos_facelift_bag(code,style,price1,price2,price3) values ('08','Pt男戒',430,860,1290);

insert into pos_facelift_bag(code,style,price1,price2,price3) values ('01','18K女戒',200,400,600);
insert into pos_facelift_bag(code,style,price1,price2,price3) values ('02','Pt女戒',300,600,900);
insert into pos_facelift_bag(code,style,price1,price2,price3) values ('03','18K耳钉',200,400,600);
insert into pos_facelift_bag(code,style,price1,price2,price3) values ('04','Pt耳钉',300,600,900);
insert into pos_facelift_bag(code,style,price1,price2,price3) values ('05','18K吊坠',200,400,600);
insert into pos_facelift_bag(code,style,price1,price2,price3) values ('06','Pt吊坠',300,600,900);
insert into pos_facelift_bag(code,style,price1,price2,price3) values ('07','18K项链',500,1000,1500);
insert into pos_facelift_bag(code,style,price1,price2,price3) values ('08','Pt项链',600,1200,1800);
insert into pos_facelift_bag(code,style,price1,price2,price3) values ('09','18K手链',500,1000,1500);
insert into pos_facelift_bag(code,style,price1,price2,price3) values ('10','Pt手链',600,1200,1800);
insert into pos_facelift_bag(code,style,price1,price2,price3) values ('11','18K手镯',500,1000,1500);
insert into pos_facelift_bag(code,style,price1,price2,price3) values ('12','Pt手镯',600,1200,1800);
insert into pos_facelift_bag(code,style,price1,price2,price3) values ('13','18K男戒',400,800,1200);
insert into pos_facelift_bag(code,style,price1,price2,price3) values ('14','Pt男戒',600,1200,1800);




insert into pos_certificate(code,name,certificatecost) values ('01','地大',50);
insert into pos_certificate(code,name,certificatecost) values ('02','南京国检',50);
insert into pos_certificate(code,name,certificatecost) values ('03','广东省检',50);
insert into pos_certificate(code,name,certificatecost) values ('04','国检1克拉以下',50);
insert into pos_certificate(code,name,certificatecost) values ('05','国检1克拉以上',120);

insert into pos_quality_person(code,name) values ('01','程旭');
insert into pos_quality_person(code,name) values ('02','张小燕');
insert into pos_quality_person(code,name) values ('03','段炼');
insert into pos_quality_person(code,name) values ('04','陈惠妹');
insert into pos_quality_person(code,name) values ('05','刘伊');









